action,building_name,unit_type,unit_no,living_sqft,original_price,current_list_price,est_rent_monthly,listing_url,is_active,first_seen,last_seen,notes
INSERT,Anaha,3BR,3201,1450,1800000,3250000,7200,https://zillow.com/...,true,2026-06-23,2026-06-23,신규 매물 — 최고가 아니어도 그대로 기록
UPDATE,Anaha,1BR,507,,,1099000,,,true,,2026-06-23,매물가 변경 시 last_seen도 갱신
DEACTIVATE,Victoria Place,2BR-02,2810,,,,,,false,,2026-06-23,매물 내려감 → is_active=false (가격은 지우지 말 것)
,,,,,,,,,,,,
,,,,,,,,,,,,
,,,,,,,,,,,,
,,,,,,,,,,,,
,,,,,,,,,,,,
,,,,,,,,,,,,
